<?xml version="1.0" encoding="utf-8" standalone="yes"?>
<rss version="2.0" xmlns:atom="http://www.w3.org/2005/Atom">
  <channel>
    <title>WinSpirit Online Casino Canada | Play &amp; Win Instantly on Winspirit</title>
    <link>https://official-winspiritca.com/</link>
    <description>Recent content in WinSpirit Online Casino Canada | Play &amp; Win Instantly on Winspirit</description>
    <generator>Hugo</generator>
    <language>en</language>
    <lastBuildDate></lastBuildDate>
    <atom:link href="https://official-winspiritca.com/index.xml" rel="self" type="application/rss+xml" />
  </channel>
</rss>
